input_RES1_capacity,input_RES2_capacity,input_RES3_capacity,input_RES5_capacity,input_storage_pump_cap,input_cap_pump_el2,input_cap_turbine_el2,input_storage_pump_cap2,input_HH_HP_heat,alfa,CO2 emissions [Mt],Total annual costs [Meuro],
56000,12000,66000,92000,390,34000,28000,10,90.0,10.0,1.0614999999999999,nan,
46000,42000,53000,72000,450,15000,50000,320,0.0,55.0,1.0614999999999999,nan,
51000,39000,163000,92000,200,20000,13000,470,80.0,25.0,1.0614999999999999,nan,
42000,33000,173000,115000,320,36000,13000,20,80.0,40.0,1.0614999999999999,nan,
